"segment","total_claims","total_premium","loss_ratio"
C,5300.00,3400.00,1.5588235294117647
B,2600.00,2600.00,1.00000000000000000000
A,580.00,940.00,0.61702127659574468085
