"premium_band","total_claims","total_premium","loss_ratio"
HIGH,6200.00,4000.00,1.5500000000000000
MEDIUM,1700.00,2000.00,0.85000000000000000000
LOW,580.00,940.00,0.61702127659574468085
